Model,AUC Score
Logistic Regression,0.8748696964404614
XGBoost,0.9513015347166888
